load1 (Mcal/h),load_1,load2 (Mcal/h),load_2
10,0.01162,10,0.01162
15,0.01743,10,0.01162
20,0.02324,10,0.01162
24,0.027888,10,0.01162
10,0.01162,15,0.01743
10,0.01162,20,0.02324
10,0.01162,25,0.02905
100,0.1162,40,0.04648
