load1 (Mcal/h),load_1,load2 (Mcal/h),load_2_0,load_2_10,load_2_20,load_2_30,load_2_40,load_2_50,load_2_60,load_2_70,load_2_80
0,0,0,0,0.002905,0.00581,0.008715,0.01162,0.014525,0.01743,0.020335,0.02324
25,0.0072625,10,0,0.002905,0.00581,0.008715,0.01162,0.014525,0.01743,0.020335,0.02324
50,0.014525,20,0,0.002905,0.00581,0.008715,0.01162,0.014525,0.01743,0.020335,0.02324
75,0.0217875,30,0,0.002905,0.00581,0.008715,0.01162,0.014525,0.01743,0.020335,0.02324
100,0.02905,40,0,0.002905,0.00581,0.008715,0.01162,0.014525,0.01743,0.020335,0.02324
125,0.0363125,50,0,0.002905,0.00581,0.008715,0.01162,0.014525,0.01743,0.020335,0.02324
150,0.043575,60,0,0.002905,0.00581,0.008715,0.01162,0.014525,0.01743,0.020335,0.02324
175,0.0508375,70,0,0.002905,0.00581,0.008715,0.01162,0.014525,0.01743,0.020335,0.02324
200,0.0581,80,0,0.002905,0.00581,0.008715,0.01162,0.014525,0.01743,0.020335,0.02324
