load1 (Mcal/h),load_1,load2 (Mcal/h),load_2,load3 (Mcal/h),load_3
0,0,0,0,0,0
5,0.0014525,5,0.0014525,5,0.0014525
15,0.0043575,15,0.0043575,15,0.0043575
25,0.0072625,25,0.0072625,25,0.0072625
35,0.0101675,35,0.0101675,35,0.0101675
45,0.0130725,35,0.0101675,35,0.0101675
55,0.0159775,35,0.0101675,35,0.0101675
65,0.0188825,35,0.0101675,35,0.0101675
75,0.0217875,35,0.0101675,35,0.0101675
85,0.0246925,35,0.0101675,35,0.0101675
95,0.0275975,35,0.0101675,35,0.0101675
